,train_loss,train_acc,val_loss,val_acc,epochs,Optimizer
0,38.92338417900933,0.9830034190772945,39.21238350863132,0.9697046045614242,12,nadam
1,38.92683008106559,0.9813431592059434,39.216909868289264,0.9661674752194658,11,nadam
2,39.15343409936508,0.9819379622018588,38.76560145321055,0.9667784931313278,12,nadam
3,38.92301186781663,0.9840600330605466,39.20663192185091,0.969637058097515,19,adam
4,38.938481302651546,0.9775685667927965,39.215497530423676,0.9688345799079308,13,adam
5,39.16992563753604,0.976495519036883,38.75933597271259,0.9685684905092941,12,adam
6,39.171838587573454,0.9117825991068131,39.39732866138506,0.9176229767070013,20,sgd
7,39.166336739296305,0.9121898453391754,39.389879001715244,0.9182192537519667,20,sgd
8,39.388258452446536,0.914081667162595,38.934864285460904,0.9185183458858066,20,sgd
